"","aaa","caa","gaa","aca","cca","gca","tca","aga","cga","gga","ata","cta","gta","tta","aac","cac","gac","tac","acc","ccc","gcc","tcc","agc","cgc","ggc","tgc","atc","ctc","gtc","ttc","aag","cag","gag","acg","ccg","gcg","tcg","agg","cgg","ggg","tgg","atg","ctg","gtg","ttg","aat","cat","gat","tat","act","cct","gct","tct","agt","cgt","ggt","tgt","att","ctt","gtt","ttt"
"B08_chromosome",0.475890877211077,0.392993302421432,0.752390279102131,0.286398371302814,0.200827307461555,0.316311260755705,0.238619477510586,0.0995004017747965,0.263704014254271,0.283315132104215,0.120168313925042,0.0826415186933087,0.134597655735546,0.0283650818317888,1.56870860927152,1.19681984175289,1.40794761507351,1.12215351036741,2.13279043427146,1.56935804730178,1.84482390037946,1.36249900135815,1.72210593592714,3.12678615099745,2.43626051923977,1.61326150020721,2.53356492807515,1.15496920572863,1.55454585363712,1.55991429770503,1.52410912278892,1.60700669757857,1.24760972089787,1.43549011455361,1.97259149325839,1.67174389396612,2.14096029400016,0.268804807322782,1.73294203961849,0.868372993658631,1,1,3.47197435037583,1.9822643663023,0.585508289507046,0.431291390728477,0.803180158247109,0.592052384926494,0.877846489632594,0.145321079872113,0.257223151978275,0.167120944898723,0.250890788527602,0.28492450267636,0.508262586032212,0.412051354997385,0.386738499792789,0.346266757999804,0.676541553863393,0.328592124325036,0.440085702294966
"B08_chromid",0.686648501362398,0.609974883387155,0.983423486302565,0.556902620258115,0.488302849851127,0.541850601575348,0.476480670348505,0.225360576923077,0.508413461538462,0.518181818181818,0.196942974720753,0.193527851458886,0.229859154929577,0.0802122015915119,1.34755847353303,1.04684317718941,1.16070435588508,0.996736596736597,1.81853734845522,1.17481922586134,1.58677399809573,1.20205675109503,1.58369834317273,2.60697115384615,1.97177033492823,1.45957011258956,2.1928277483833,1.24774535809019,1.63830985915493,1.37111716621253,1.3133514986376,1.39002511661285,1.01657651369743,1.30934689088776,1.8664398128456,1.51441184108024,1.80308512664254,0.358774038461538,1.46394230769231,0.829186602870813,1,1,2.70620689655172,1.49802816901408,0.763925729442971,0.652441526466968,0.953156822810591,0.839295644114921,1.0032634032634,0.315213140398905,0.47043811144194,0.35696355924868,0.506189297276709,0.428489811464483,0.836538461538462,0.680861244019139,0.54042988741044,0.610229276895944,1.00838196286472,0.633802816901408,0.628882833787466
"C03_chromosome",0.464519577709475,0.387679518264901,0.732325707700256,0.273229859571323,0.192335220248552,0.304126393034145,0.209920063551959,0.0954362367399272,0.248279365693757,0.274672941176471,0.117332173505746,0.0797635886037583,0.129128282611882,0.02429783794706,1.57475474166122,1.19865586084206,1.40888730328616,1.12079311244456,2.16011825572801,1.58097468930965,1.85898524136798,1.35832381708952,1.74221736755871,3.1621690273729,2.45752470588235,1.63017623057557,2.54853711169474,1.1853909880784,1.56897854251469,1.56810313411079,1.53548042229053,1.6123204817351,1.26767429229974,1.42651884700665,1.98379855553387,1.68012924071082,2.1802293828509,0.249440567053331,1.75029332430177,0.863134117647059,1,1,3.47095372802586,1.99208452197053,0.573903818953324,0.425245258338784,0.801344139157936,0.591112696713838,0.87920688755544,0.140133037694013,0.242891534907932,0.156759124887051,0.23692964599573,0.27237972295318,0.494381478838315,0.404668235294118,0.369823769424429,0.334130714799512,0.665690038391594,0.309808652902906,0.431896865889213
"C03_chromid",0.669798657718121,0.6,0.868325242718447,0.591708542713568,0.552995391705069,0.541214911629289,0.493951612903226,0.215288611544462,0.49609984399376,0.50200379666737,0.183098591549296,0.188856729377713,0.24512256128064,0.0965991316931983,1.33765298776098,1.03985171455051,1.15901948460088,1.07445956765412,1.69597989949749,1.23218716767104,1.54284865587405,1.31653225806452,1.59072580645161,2.65990639625585,1.98186036701118,1.53398058252427,2.22736418511066,1.53147612156295,1.65482741370685,1.42935779816514,1.33020134228188,1.4,1.13167475728155,1.3894472361809,1.74548032612549,1.52977870191594,1.70161290322581,0.326053042121685,1.47113884555382,0.811643113267243,1,1,2.43342981186686,1.46873436718359,0.815123010130246,0.662347012239021,0.96014828544949,0.84098051539912,0.925540432345877,0.32286432160804,0.469337114498405,0.386157730580722,0.5,0.397177419354839,0.831513260530421,0.704492723054208,0.466019417475728,0.58953722334004,0.93451519536903,0.631315657828914,0.570642201834862
"B10_chromosome",0.501753229238469,0.33629923491074,0.75097152137347,0.19653003759969,0.138752867856042,0.20918346145855,0.156880124085974,0.0713466306479665,0.182511194167931,0.171254439780433,0.0449848582178581,0.0417704473644837,0.0741320026316116,0.0108782707422043,1.41128641229346,1.00085609108809,1.25761338773579,0.907704292918939,2.72032912374176,1.37300962229908,2.08682041692638,1.14646576556614,1.8074451584312,3.20741590496984,2.76400548918308,1.59377128953771,2.6081306781683,1.43894174492391,1.61551161260691,1.33871680329881,1.49824677076153,1.66370076508926,1.24902847862653,0.9692289534472,2.33065096051775,1.58495740702265,2.48991801462442,0.190578396181031,1.92110424453244,0.745802389409106,1,1,3.62906504959471,2.06745366749836,0.401598296089631,0.588713587706538,0.999143908911908,0.742386612264207,1.09229570708106,0.113911885211351,0.157586549327124,0.119038714592423,0.223908708176379,0.175382229115887,0.427043629500796,0.318937681627381,0.406228710462287,0.346884463613839,0.477746191285062,0.242902717263124,0.661283196701193
"B10_p53kbp",0.508379888268156,0.276515151515151,0.617647058823529,0.142038946162657,0.180929095354523,0.174232003668042,0.210144927536232,0.0769230769230769,0.199095022624434,0.158415841584158,0.0531757754800591,0.0510783200908059,0.0665362035225049,0.0102156640181612,1.24590163934426,0.893111638954869,1.19891008174387,0.894495412844037,2.87285223367698,1.37897310513447,2.09812012838148,1.18115942028985,2.15942028985507,3.19457013574661,2.73019801980198,1.66666666666667,2.64549483013294,1.60385925085131,1.73776908023483,1.52040816326531,1.49162011173184,1.72348484848485,1.38235294117647,0.847651775486827,2.29339853300733,1.58826226501605,2.05797101449275,0.16289592760181,1.99547511312217,0.856435643564356,1,1,3.61293984108967,2.02348336594912,0.388195232690125,0.754098360655738,1.10688836104513,0.801089918256131,1.10550458715596,0.13745704467354,0.146699266503667,0.139385602934434,0.217391304347826,0.173913043478261,0.3710407239819,0.254950495049505,0.333333333333333,0.301329394387002,0.333711691259932,0.172211350293542,0.479591836734694
"B10_p86kbp",0.654054054054054,0.5785536159601,0.891126494650724,0.570605187319885,0.550079491255962,0.570820021299255,0.545454545454545,0.237410071942446,0.576567317574512,0.532507739938081,0.195046439628483,0.193469387755102,0.220072551390568,0.102857142857143,1.27216174183515,0.92952380952381,1.14779005524862,1.00556586270872,1.85878962536023,1.19872813990461,1.57614483493078,1.30454545454545,1.55909090909091,2.54676258992806,1.93395252837977,1.49787234042553,2.22213622291022,1.5869387755102,1.75816203143894,1.43356643356643,1.34594594594595,1.4214463840399,1.10887350534928,1.25936599423631,1.7456279809221,1.47390841320554,1.59545454545455,0.400822199383351,1.50462487153135,0.910216718266254,1,1,2.36326530612245,1.44619105199516,0.803265306122449,0.727838258164852,1.07047619047619,0.852209944751381,0.99443413729128,0.311239193083574,0.505564387917329,0.37912673056443,0.509090909090909,0.486363636363636,0.733812949640288,0.623323013415893,0.502127659574468,0.5828173374613,0.950204081632653,0.575574365175333,0.566433566433566
"B10_p90kbp",0.569047619047619,0.488549618320611,0.838794233289646,0.364611260053619,0.246696035242291,0.33203007518797,0.304011259676284,0.142384105960265,0.364238410596026,0.260051325919589,0.0991735537190083,0.0922401171303075,0.124680633622892,0.0131771595900439,1.49925037481259,1.1077943615257,1.33200795228628,1.08021390374332,2.37533512064343,1.4302496328928,1.92601503759399,1.21182266009852,1.57494722026742,3.05629139072848,2.56116338751069,1.66935483870968,2.48315321042594,1.26939970717423,1.70464997445069,1.48888888888889,1.43095238095238,1.51145038167939,1.16120576671035,1.08042895442359,2.04111600587372,1.50375939849624,2.36030964109782,0.30794701986755,1.55629139072848,0.778443113772455,1,1,3.41727672035139,1.87634133878385,0.577598828696925,0.500749625187406,0.892205638474295,0.667992047713718,0.919786096256685,0.179624664879357,0.281938325991189,0.238195488721805,0.299788881069669,0.249120337790289,0.572847682119205,0.400342172797263,0.330645161290323,0.417673235855054,0.630307467057101,0.294328053142565,0.511111111111111
"B10_p102kbp",0.567807351077313,0.444666001994018,0.815758980301275,0.234458259325044,0.210283073367995,0.25578502114954,0.198959687906372,0.083369518019974,0.252713851498046,0.191553544494721,0.0386965376782077,0.0507093268940537,0.0987876066457117,0.0144883791125868,1.37270341207349,0.963636363636364,1.20267260579065,0.860406091370558,2.63114268798105,1.35875216637782,2.07116198059219,1.1001300390117,1.93498049414824,3.05340859748155,2.64555052790347,1.59493670886076,2.56822810590631,1.45970419559312,1.60395150426583,1.27435064935065,1.43219264892269,1.55533399800598,1.18424101969873,0.987566607460036,2.25303292894281,1.52774321970639,2.38361508452536,0.229266174554928,1.92270950933565,0.776772247360483,1,1,3.36673709628735,2.01347103726987,0.490793842438877,0.627296587926509,1.03636363636364,0.797327394209354,1.13959390862944,0.146832445233866,0.177931831311381,0.145309778551879,0.222366710013004,0.159947984395319,0.458532349109857,0.386123680241327,0.40506329113924,0.393075356415479,0.617567159674012,0.28378985181859,0.725649350649351
"B10_p111kbp",0.489528795811518,0.384542884071631,0.744210526315789,0.188739946380697,0.0957834461218116,0.186581469648562,0.113207547169811,0.0689655172413793,0.187192118226601,0.166243654822335,0.0313186813186813,0.0358306188925081,0.0665892373209446,0.00651465798045603,1.38795180722892,0.916216216216216,1.22327200397812,0.906666666666667,2.74530831099196,1.33263925039042,2.10010649627263,1.04550499445061,1.73140954495006,3.23152709359606,2.65736040609137,1.57412398921833,2.65714285714286,1.30293159609121,1.70963995354239,1.30817610062893,1.51047120418848,1.61545711592837,1.25578947368421,0.96514745308311,2.42790213430505,1.62555910543131,2.72031076581576,0.169950738916256,1.95566502463054,0.850253807106599,1,1,3.8485342019544,2.02555168408827,0.384364820846906,0.612048192771084,1.08378378378378,0.77672799602188,1.09333333333333,0.100804289544236,0.143675169182717,0.0877529286474973,0.253052164261931,0.136514983351831,0.386699507389163,0.326142131979695,0.425876010781671,0.311538461538462,0.421824104234528,0.198219125048393,0.691823899371069
"B10_p125kbp",0.489473684210526,0.506876227897839,0.768740031897927,0.4352,0.437538844002486,0.496039333515433,0.680921052631579,0.213374565133359,0.477773482798608,0.435477731252379,0.129928894634777,0.211680996145864,0.303196347031963,0.0764897717165728,1.45681818181818,1.07142857142857,1.21793534932221,1.13850063532402,2.08426666666667,1.24300807955252,1.64654465992898,1.22039473684211,1.60197368421053,2.39814456899884,2.15759421393224,1.55555555555556,2.32708468002586,1.53157426623184,1.60913242009132,1.44120100083403,1.51052631578947,1.49312377210216,1.23125996810207,1.13066666666667,1.83467992541952,1.45424747336793,1.53947368421053,0.480092771550058,1.66756861229223,0.848115721355158,1,1,2.69137266528313,1.6365296803653,0.75244589386303,0.543181818181818,0.928571428571429,0.782064650677789,0.861499364675985,0.349866666666667,0.484773151025482,0.403168533187654,0.513157894736842,0.444078947368421,0.763045999226904,0.558812333460221,0.444444444444444,0.542986425339367,0.736436406759561,0.451141552511416,0.558798999165972
"B10_p143kbp",0.475308641975309,0.324763193504736,0.738848337388483,0.147450980392157,0.10079575596817,0.164561283714578,0.12914334911752,0.0441914964847673,0.130565785068631,0.14708886618999,0.0321572130415364,0.0192,0.0516698172652804,0.0109714285714286,1.37918552036199,0.971698113207547,1.24785046728972,0.880530973451327,2.88627450980392,1.41644562334218,2.20962785933766,1.04864399483427,2.00430477830392,3.33244057582859,2.8876404494382,1.62068965517241,2.64225100491291,1.36868571428571,1.76055450535602,1.35260115606936,1.52469135802469,1.67523680649526,1.26115166261152,0.898823529411765,2.36074270557029,1.5595766473199,2.54412397761515,0.166722464010713,2.07499163039839,0.744637385086823,1,1,3.80022857142857,1.99873976055451,0.330514285714286,0.620814479638009,1.02830188679245,0.75214953271028,1.11946902654867,0.0674509803921569,0.122015915119363,0.0662342096278593,0.142057684029272,0.131726216099871,0.251088048208905,0.220633299284985,0.379310344827586,0.325591782045556,0.4704,0.189035916824197,0.647398843930636
"B10_p198kbp",0.536585365853659,0.432283029297955,0.782227418883367,0.238982549541556,0.151486697965571,0.229855701698378,0.164193867457962,0.090932053548876,0.209143723162415,0.214232765011119,0.0399752091726061,0.0325878594249201,0.077042284702236,0.00862619808306709,1.41399607586658,1.00231303006939,1.24862518089725,0.913868613138686,2.6832298136646,1.30078247261346,2.02426254629038,1.1730959446093,1.70722057368942,3.09017428643597,2.67160859896219,1.64397905759162,2.62906724511931,1.27284345047923,1.65153863183529,1.31166666666667,1.46341463414634,1.56771697070205,1.21777258111663,0.973676427092576,2.40625978090767,1.62737836802452,2.5242334322453,0.221267996968932,1.98686537004294,0.775389177168273,1,1,3.69584664536741,1.98273190170467,0.439936102236422,0.586003924133421,0.997686969930609,0.75137481910275,1.08613138686131,0.104111209701272,0.141471048513302,0.118503383986719,0.269040553907023,0.162215628090999,0.401616569840869,0.338769458858414,0.356020942408377,0.330957545708088,0.550159744408946,0.288687181757804,0.688333333333333
"B10_p293kbp",0.640854472630174,0.47260529258293,0.918468628146047,0.469512195121951,0.347741147741148,0.487309644670051,0.375812743823147,0.180514419329696,0.463912704598597,0.467631794591642,0.141098901098901,0.13725967388659,0.192873488067996,0.0452664881966415,1.38799283154122,1.01556195965418,1.18647306075659,1.01409921671018,2.09320557491289,1.28253968253968,1.73916438891058,1.34980494148244,1.62938881664499,2.58238503507404,2.00764818355641,1.47051442910916,2.26879120879121,1.3835483085909,1.69074861065708,1.41203551463334,1.35914552736983,1.52739470741707,1.08153137185395,1.17595818815331,1.94871794871795,1.4345958609918,1.90897269180754,0.351675759937646,1.67513639906469,0.826003824091778,1,1,2.80725237284011,1.49852893102321,0.776831345826235,0.612007168458781,0.984438040345821,0.813526939243408,0.985900783289817,0.261324041811847,0.421001221001221,0.338930105427567,0.391417425227568,0.344603381014304,0.746375681995323,0.698716197760175,0.529485570890841,0.59010989010989,0.849841810659528,0.617848970251716,0.587964485366656
"B10_p360kbp",0.511775043936731,0.417185185185185,0.818572372769332,0.272377446879706,0.158834749436449,0.266378689704824,0.211932650073206,0.0871610403984505,0.209186496956281,0.225432933702224,0.0593713620488941,0.0502734168283648,0.0915656751132329,0.00793790792026812,1.39851747264384,1.0391621129326,1.27351804123711,0.959134615384615,2.56717416764263,1.34628056181724,2.04089272858171,1.16617862371889,1.67569546120059,3.19839513004981,2.63018751921303,1.55912961210974,2.57641776151671,1.3155759393191,1.70743053005264,1.37531257103887,1.48822495606327,1.58281481481481,1.18142762723067,1.03730968713401,2.30206346453962,1.55219582433405,2.50695461200586,0.234089651355838,1.81876037631433,0.772210267445435,1,1,3.53554418768742,1.91945158526135,0.523372728876345,0.60148252735616,0.960837887067395,0.726481958762887,1.04086538461538,0.123138698343651,0.192821224206693,0.14053275737941,0.229502196193265,0.209736456808199,0.452407304925291,0.372169279639307,0.440870387890255,0.364210876434392,0.567295819368495,0.281552209572775,0.624687428961127
"B10_p373kbp",0.715753424657534,0.609824957651045,0.949228028503563,0.568394974340825,0.570436125048244,0.637056835154469,0.522949461474731,0.263501483679525,0.55406528189911,0.506621719239104,0.166299559471366,0.231087416122805,0.270053845091813,0.0832797132089346,1.3283422459893,0.988556338028169,1.1156670746634,0.96902842596521,1.85737037692444,1.16557313778464,1.53887273013128,1.27456503728252,1.51317315658658,2.4726409495549,1.82133397543944,1.404,2.18392070484582,1.47862855041824,1.66781720281651,1.37513007284079,1.28424657534247,1.39017504234896,1.05077197149644,1.21677579189524,1.75762253956002,1.40429211539973,1.68417564208782,0.408783382789317,1.513353115727,0.895256441126896,1,1,2.35775346998805,1.3850614386304,0.877470355731225,0.671657754010695,1.01144366197183,0.884332925336597,1.03097157403479,0.357458856839497,0.506368197607102,0.419778319314519,0.557746478873239,0.447390223695112,0.787655786350148,0.776787864194558,0.596,0.649779735682819,0.971780494530747,0.677067513461273,0.624869927159209
"E06_chromosome",0.501940414353096,0.336856383880631,0.751099537037037,0.196156172300249,0.137834516657564,0.209805968189013,0.15432554023158,0.0713679471567217,0.18081848038673,0.17113225595328,0.0447548095403709,0.0417028670721112,0.0741758581844741,0.0108996129847563,1.41182159729197,1.00149604616371,1.257808004957,0.908153663625578,2.71984409649889,1.37295193883124,2.0863362065986,1.14787226196622,1.80854045283575,3.20963873205653,2.76316769873634,1.59499563572883,2.60786000622357,1.43943343074533,1.61651873584135,1.33899092665509,1.4980595856469,1.66314361611937,1.24890046296296,0.969894496337612,2.33158110322228,1.58512998817975,2.49221919020577,0.19122476844164,1.9197756374774,0.746231687056336,1,1,3.62746491851618,2.06538666270534,0.401863991785799,0.588178402708031,0.99850395383629,0.742191995043005,1.09184633637442,0.114105234863248,0.157632441288913,0.118727837032634,0.222029648204145,0.175012906556531,0.427174434480977,0.31946835825404,0.405004364271167,0.347385184236056,0.478635178895822,0.243918743268838,0.661009073344909
"E06_p63kbp",0.493288590604027,0.515503875968992,0.774193548387097,0.44672131147541,0.447619047619048,0.505506030414263,0.679958027282267,0.206586826347305,0.489520958083832,0.429411764705882,0.147727272727273,0.198857142857143,0.294736842105263,0.072,1.43429844097996,1.07386363636364,1.20770010131712,1.14705882352941,2.10245901639344,1.26190476190476,1.64866282118511,1.28436516264428,1.57397691500525,2.40269461077844,2.15294117647059,1.575,2.31060606060606,1.53942857142857,1.59298245614035,1.44694533762058,1.50671140939597,1.48449612403101,1.2258064516129,1.11885245901639,1.8047619047619,1.44520188778186,1.54879328436516,0.516467065868264,1.63473053892216,0.852941176470588,1,1,2.688,1.64210526315789,0.768,0.565701559020045,0.926136363636364,0.792299898682877,0.852941176470588,0.331967213114754,0.485714285714286,0.400629260618773,0.484784889821616,0.428121720881427,0.75,0.564705882352941,0.425,0.541666666666667,0.733714285714286,0.470175438596491,0.553054662379421
"E06_p87kbp",0.553349875930521,0.47361299052774,0.838225255972696,0.366412213740458,0.218629715165512,0.321027287319422,0.255694342395298,0.145047169811321,0.325471698113208,0.250789354984213,0.0930546190155091,0.0849724626278521,0.121146565711195,0.011801730920535,1.49764521193093,1.09929078014184,1.35183900069396,1.08884688090737,2.37890353920888,1.44110854503464,1.94157303370787,1.18589272593681,1.58706833210874,3.07783018867925,2.59810554803789,1.65,2.49426837491571,1.25570416994493,1.68090859924283,1.49946062567422,1.44665012406948,1.52638700947226,1.1617747440273,1.09090909090909,2.07236335642802,1.51396468699839,2.44232182218957,0.329009433962264,1.57429245283019,0.770410464591791,1,1,3.46734854445319,1.91671173607355,0.561762391817467,0.502354788069074,0.900709219858156,0.648160999306037,0.911153119092628,0.163775156141568,0.267898383371824,0.223434991974318,0.282145481263777,0.246877296105805,0.548349056603774,0.380694632386107,0.35,0.412677006068779,0.618410700236035,0.281233098972418,0.500539374325782
"E06_p98kbp",0.544726301735648,0.442571127502634,0.81973203410475,0.2325,0.195238095238095,0.251506418653393,0.150101419878296,0.071395881006865,0.241647597254005,0.186447316882099,0.0423429781227946,0.0479846449136276,0.0938967136150235,0.0134357005758157,1.36326530612245,0.9696,1.21166180758017,0.859416445623342,2.655,1.3452380952381,2.0770238407126,1.09533468559838,1.95943204868154,3.07276887871854,2.67450058754407,1.59197324414716,2.57657021877205,1.47984644913628,1.5887323943662,1.2663829787234,1.45527369826435,1.55742887249737,1.18026796589525,0.98,2.27380952380952,1.54047681425203,2.40973630831643,0.222425629290618,1.94691075514874,0.763023893458676,1,1,3.38003838771593,2.03568075117371,0.474088291746641,0.636734693877551,1.0304,0.788338192419825,1.14058355437666,0.1325,0.185714285714286,0.130992926381975,0.223123732251521,0.162271805273834,0.444851258581236,0.376028202115159,0.408026755852843,0.381086803105152,0.604606525911708,0.28169014084507,0.733617021276596
"E06_p99kbp",0.654161781946073,0.554112554112554,0.866256295467264,0.537237428389561,0.533703961084086,0.551468315301391,0.546179401993355,0.219607843137255,0.577777777777778,0.53382420616659,0.190376569037657,0.189179505553565,0.226049515608181,0.0967395198853458,1.26815642458101,0.920583468395462,1.14285714285714,1.02572347266881,1.86887332908975,1.18971507991661,1.59010819165379,1.31960132890365,1.53887043189369,2.54117647058824,1.91440404970087,1.51798561151079,2.23221757322176,1.65102113937657,1.7502691065662,1.42268041237113,1.34583821805393,1.44588744588745,1.13374370453274,1.28325907065563,1.77345378735233,1.4676970633694,1.6265780730897,0.415686274509804,1.51111111111111,0.907501150483203,1,1,2.33679684700824,1.43379978471475,0.786814761734145,0.731843575418994,1.07941653160454,0.857142857142857,0.97427652733119,0.310630171865054,0.503127171646977,0.390726429675425,0.494352159468439,0.474418604651163,0.734640522875817,0.644270593649333,0.482014388489209,0.577405857740586,0.939448226442135,0.589881593110872,0.577319587628866
"E06_p111kbp",0.489528795811518,0.375826251180359,0.743427970557308,0.194860813704497,0.0918101199791341,0.184064763527908,0.113649025069638,0.0645161290322581,0.173697270471464,0.160509554140127,0.0295566502463054,0.0326530612244898,0.0682699767261443,0.00489795918367347,1.39518072289157,0.92202462380301,1.2286282306163,0.910785619174434,2.74304068522484,1.33541992696922,2.10225820195995,1.05961002785515,1.72144846796657,3.24813895781638,2.66496815286624,1.5702479338843,2.66009852216749,1.30122448979592,1.70364623739333,1.30909090909091,1.51047120418848,1.62417374881964,1.25657202944269,0.963597430406852,2.43505477308294,1.63016616957818,2.72089136490251,0.161290322580645,1.95533498759305,0.84968152866242,1,1,3.85632653061224,2.02948021722265,0.382040816326531,0.604819277108434,1.07797537619699,0.771371769383698,1.08921438082557,0.0985010706638116,0.137715179968701,0.0835108649339582,0.244011142061281,0.140389972144847,0.397022332506204,0.32484076433121,0.429752066115702,0.310344827586207,0.422857142857143,0.198603568657874,0.690909090909091
"E06_p143kbp",0.479757085020243,0.317607973421927,0.73458018304815,0.142577359968664,0.114633087277464,0.162226370269812,0.127768313458262,0.0420560747663551,0.14218958611482,0.143217347453354,0.0328803156510303,0.019047619047619,0.053399565352375,0.0108843537414966,1.37713771377138,0.97196261682243,1.2501872659176,0.871794871794872,2.89541715628672,1.39470256187581,2.20125572713389,1.06558773424191,1.98807495741056,3.34045393858478,2.88350983358548,1.61823361823362,2.64357737834283,1.36190476190476,1.75473455448618,1.35350933676755,1.52024291497976,1.68239202657807,1.26541981695185,0.899334116725421,2.36561007381676,1.56999830307144,2.54770017035775,0.154205607476636,2.05674232309746,0.744326777609682,1,1,3.79727891156463,2.00310462589258,0.340136054421769,0.622862286228623,1.02803738317757,0.749812734082397,1.12820512820513,0.0626713670191931,0.125054277029961,0.06651959952486,0.135434412265758,0.135434412265758,0.264352469959947,0.228946041351488,0.381766381766382,0.323542306006138,0.470748299319728,0.188761254268861,0.646490663232453
"E06_p183kbp",0.658181818181818,0.610129564193168,0.944211157768446,0.597232337946103,0.594653972903698,0.670666245658352,0.465863453815261,0.284023668639053,0.617205279927173,0.539931406173444,0.174638487208009,0.241178610403783,0.299579242636746,0.0851218624954529,1.35078534031414,1.00250208507089,1.14302920806986,1.06785714285714,1.71449380917698,1.11461003295496,1.44174297442374,1.23092369477912,1.57831325301205,2.3732362312244,1.82165605095541,1.36065573770492,2.18242491657397,1.5605674790833,1.67629733520337,1.44146981627297,1.34181818181818,1.38987043580683,1.05578884223155,1.31828113619811,1.77370926400586,1.43984843700663,1.69076305220884,0.438324988620847,1.5034137460173,0.88094071533562,1,1,2.3048381229538,1.33856942496494,0.816296835212805,0.649214659685864,0.997497914929108,0.856970791930141,0.932142857142857,0.369992716678806,0.517026730135482,0.447742342911273,0.594377510040161,0.439759036144578,0.783796085571233,0.757471827535522,0.639344262295082,0.64293659621802,0.991997089850855,0.685553997194951,0.558530183727034
"E06_p188kbp",0.764991896272285,0.629430719656284,0.967460778617083,0.554307116104869,0.551453260015711,0.612490362374711,0.578359399936163,0.262445625906235,0.510391493475109,0.482163674516204,0.1695885509839,0.22238613313664,0.245405405405405,0.0874054951134059,1.32113821138211,0.962419798350137,1.08809891808346,0.885532591414944,1.9639087504256,1.23016496465043,1.62405551272167,1.31184168528567,1.42100223428024,2.55775737071049,1.82326882723246,1.41044776119403,2.16815742397138,1.37635994836806,1.64,1.30421377183967,1.23500810372771,1.37056928034372,1.03253922138292,1.12495743956418,1.71563236449332,1.3668465690054,1.68145547398659,0.378443692605123,1.48332527791203,0.899976684541851,1,1,2.39203392955928,1.42486486486486,0.945970864834962,0.678861788617886,1.03758020164986,0.911901081916538,1.11446740858506,0.356826693905346,0.502749410840534,0.396607555898227,0.540057452920524,0.467283753590808,0.80763653939101,0.794590813709489,0.58955223880597,0.662254025044723,0.975843628987645,0.68972972972973,0.695786228160329
"E06_p195kbp",0.53875,0.43530701754386,0.781305114638448,0.23271000296824,0.150234741784038,0.227051904883661,0.149154789526019,0.0865822784810127,0.215696202531646,0.218356772760918,0.0434916718075262,0.0384368994234465,0.0752014324082363,0.00672645739910314,1.41114058355438,1.01476301476301,1.25981961012511,0.91339748334567,2.68566340160285,1.31330203442879,2.03272820250575,1.1852833941001,1.69240967848856,3.12303797468354,2.67727609178386,1.64210526315789,2.61782850092535,1.26937860345932,1.65264100268577,1.31519464210967,1.46125,1.56469298245614,1.21869488536155,0.974769961412882,2.39499217527387,1.62311429301969,2.54955253563142,0.208101265822785,1.97164556962025,0.766839378238342,1,1,3.71012171684817,1.98836168307968,0.431454196028187,0.588859416445623,0.985236985236985,0.740180389874891,1.08660251665433,0.106856634016028,0.141471048513302,0.117105599590897,0.268478621146835,0.15512098110706,0.394936708860759,0.337527757216876,0.357894736842105,0.338679827267119,0.543882126841768,0.28379588182632,0.684805357890331
"E06_p303kbp",0.649122807017544,0.468345323741007,0.917610710607621,0.46456526338058,0.36498723009055,0.487126479984965,0.370525434373037,0.184466019417476,0.473080317740512,0.47093023255814,0.143765903307888,0.133085588201138,0.191711483707687,0.0466844733480432,1.37770095073466,1.01458670988655,1.18602941176471,1.01052631578947,2.08758197588322,1.26491757603901,1.73388460815636,1.34770776638057,1.63533598492778,2.55781112091792,1.99788583509514,1.4468085106383,2.26781170483461,1.40471489954709,1.69186966149953,1.41198979591837,1.35087719298246,1.53165467625899,1.08238928939238,1.18806854241591,1.95774320872997,1.44108250328886,1.91919614821017,0.35216240070609,1.69285083848191,0.8276955602537,1,1,2.78573917082801,1.49699462195508,0.776913250493555,0.622299049265341,0.985413290113452,0.813970588235294,0.989473684210526,0.259784218320288,0.412351985140469,0.337906408569818,0.386853673853883,0.340380992254553,0.739629302736099,0.703488372093023,0.553191489361702,0.588422391857506,0.852862617582162,0.61942423283771,0.588010204081633
"E06_p360kbp",0.511498257839721,0.420588235294118,0.816674872804858,0.272470510051504,0.167730802415876,0.2653471026965,0.21190606226106,0.0911953991510338,0.21032452416815,0.227263437563867,0.0596322676826238,0.0532840939066209,0.0942958348601441,0.00896860986547085,1.39831697054698,1.03629764065336,1.27386491256217,0.96028880866426,2.56653929224124,1.34460742018982,2.03557085484796,1.16111414527581,1.66903331512835,3.18362316856087,2.62701818924995,1.56691449814126,2.57412622163326,1.31416512793458,1.7046537193111,1.3749434644957,1.48850174216028,1.57941176470588,1.18332512719514,1.03671706263499,2.29784296807593,1.5588066551922,2.51556526488258,0.242366150896892,1.82062166233055,0.773349683220928,1,1,3.53257715642311,1.92011725906926,0.520706937483514,0.601683029453015,0.963702359346643,0.726135087437831,1.03971119133574,0.124273135072271,0.189818809318378,0.140275387263339,0.229382850901147,0.212998361551065,0.45186909489251,0.372368689965257,0.433085501858736,0.366241510684115,0.570298074386705,0.280933186759497,0.625056535504297
"F03_chromosome",0.502143478130527,0.336321728555672,0.751924249905603,0.197544209299576,0.1414711770443,0.211151178918169,0.156318183499131,0.0718854556189726,0.186356032277111,0.171959674245406,0.0455955505791222,0.0425944706556726,0.0744532803180915,0.0114290753560563,1.41148807524353,1.00132382457189,1.25658458718851,0.909068506653524,2.72008377387809,1.37166127679962,2.08407766990291,1.1470359823971,1.80559150918975,3.20229777602834,2.76071972793235,1.59297019128071,2.60671084271003,1.43953437100401,1.61590457256461,1.33936251259492,1.49785652186947,1.66367827144433,1.2480757500944,0.968939483507018,2.32664305391578,1.58332871012483,2.48955290115011,0.1902676638457,1.91928262153119,0.745320052879618,1,1,3.62444552228934,2.06585487077535,0.402610344371445,0.588511924756466,0.998676175428108,0.743415412811493,1.09093149334648,0.113432533315317,0.160224492240303,0.121442441054092,0.225657335157723,0.175844088606191,0.429910450698681,0.32200054494263,0.407029808719293,0.347693606710843,0.479386216323471,0.243787276341948,0.660637487405077
"F03_p53kbp",0.520775623268698,0.275471698113208,0.605427974947808,0.14139110604333,0.163366336633663,0.177330895795247,0.202898550724638,0.0645161290322581,0.188940092165899,0.150093808630394,0.0451127819548872,0.0513405590416429,0.0665362035225049,0.0136908157444381,1.25295508274232,0.902612826603325,1.20473157415833,0.896073903002309,2.86887115165336,1.38118811881188,2.08775137111517,1.21739130434783,2.1231884057971,3.20276497695853,2.74421513445904,1.66473988439306,2.66165413533835,1.59155733029093,1.75342465753425,1.51959114139693,1.4792243767313,1.72452830188679,1.39457202505219,0.85290763968073,2.32178217821782,1.59414990859232,2.06521739130435,0.175115207373272,2.01382488479263,0.855534709193246,1,1,3.62464346833999,2.00391389432485,0.386765544780376,0.747044917257683,1.09738717339667,0.795268425841674,1.10392609699769,0.136830102622577,0.133663366336634,0.140767824497258,0.217391304347826,0.173913043478261,0.354838709677419,0.250156347717323,0.335260115606936,0.293233082706767,0.332002281802624,0.176125244618395,0.480408858603066
"F03_p63kbp",0.498349834983498,0.509578544061303,0.772073921971253,0.438578680203046,0.465882352941176,0.508068714211348,0.679127725856698,0.20414201183432,0.488165680473373,0.429824561403509,0.147169811320755,0.199887069452287,0.29242819843342,0.0745341614906832,1.44615384615385,1.06111111111111,1.20362903225806,1.14964370546318,2.09543147208122,1.25647058823529,1.64289432587194,1.30218068535826,1.57009345794393,2.40976331360947,2.16081871345029,1.58787878787879,2.31320754716981,1.55505364201016,1.60487380330722,1.44585987261146,1.5016501650165,1.4904214559387,1.22792607802875,1.1248730964467,1.79764705882353,1.44508068714211,1.53894080996885,0.510355029585799,1.64201183431953,0.847953216374269,1,1,2.67645398080181,1.63272410791993,0.762281197063806,0.553846153846154,0.938888888888889,0.796370967741935,0.850356294536817,0.341116751269036,0.48,0.403956272774597,0.473520249221184,0.43613707165109,0.745562130177515,0.56140350877193,0.412121212121212,0.539622641509434,0.731789949181254,0.469973890339426,0.554140127388535
"F03_p87kbp",0.552763819095477,0.485753052917232,0.834136269786648,0.366921473245309,0.219679633867277,0.319899244332494,0.243722304283604,0.134831460674157,0.351271437019515,0.258697591436218,0.0931307793923382,0.0859465737514518,0.118832891246684,0.0116144018583043,1.50314465408805,1.10144927536232,1.35169491525424,1.08159392789374,2.37109103544128,1.40045766590389,1.93198992443325,1.20974889217134,1.55539143279173,3.03725606150207,2.57805530776093,1.65145228215768,2.49867899603699,1.25435540069686,1.6763925729443,1.48900523560209,1.44723618090452,1.51424694708277,1.16586373021335,1.10076441973593,2.07475209763539,1.52896725440806,2.45494830132939,0.326434062684802,1.59668835008871,0.776092774308653,1,1,3.46806039488966,1.9183023872679,0.550522648083624,0.49685534591195,0.898550724637681,0.648305084745763,0.918406072106262,0.161223071577484,0.30511060259344,0.219143576826196,0.288035450516987,0.248153618906942,0.553518628030751,0.387154326494202,0.348547717842324,0.408190224570674,0.629500580720093,0.286472148541114,0.510994764397906
"F03_p98kbp",0.550066755674232,0.444674250258532,0.815393866506314,0.218362282878412,0.193624557260921,0.251167618059159,0.154786150712831,0.0711678832116788,0.243613138686131,0.192024777390631,0.0380014074595355,0.0528468071720667,0.0947955390334572,0.0132117017930167,1.3687074829932,0.973228346456693,1.21000581733566,0.862796833773087,2.66749379652605,1.3530106257379,2.07784120394395,1.09572301425662,1.96334012219959,3.0793795620438,2.66202090592334,1.56578947368421,2.58198451794511,1.47593582887701,1.5817843866171,1.2652719665272,1.44993324432577,1.55532574974147,1.18460613349369,0.98014888337469,2.271546635183,1.5433316035288,2.41140529531568,0.20529197080292,1.94890510948905,0.761904761904762,1,1,3.39540736080528,2.04089219330855,0.460522176785153,0.631292517006803,1.02677165354331,0.78999418266434,1.13720316622691,0.133995037220844,0.181818181818182,0.127659574468085,0.211812627291242,0.162932790224033,0.451642335766423,0.384049554781262,0.434210526315789,0.380014074595355,0.602076124567474,0.282527881040892,0.734728033472803
"F03_p99kbp",0.654846335697399,0.548004314994606,0.871254162042175,0.531982267257758,0.536082474226804,0.554091326999694,0.545454545454545,0.224077328646749,0.558875219683656,0.528440366972477,0.190739460953697,0.187566607460036,0.224119530416222,0.0959147424511545,1.25833333333333,0.928571428571429,1.14569923932124,1.02547770700637,1.87460417986067,1.20137457044674,1.59239963224027,1.32806324110672,1.54940711462451,2.55448154657293,1.93211009174312,1.51449275362319,2.22460262612301,1.66252220248668,1.75026680896478,1.42621259029928,1.3451536643026,1.45199568500539,1.12874583795782,1.28942368587714,1.76219931271478,1.46736132393503,1.62450592885375,0.416520210896309,1.5,0.906422018348624,1,1,2.3360568383659,1.43649946638207,0.792895204262877,0.741666666666667,1.07142857142857,0.854300760678759,0.974522292993631,0.303989867004433,0.500343642611684,0.386147716825008,0.478260869565217,0.474308300395257,0.746045694200351,0.63302752293578,0.485507246376812,0.58465791292329,0.925044404973357,0.589114194236926,0.573787409700722
"F03_p111kbp",0.489417989417989,0.370441458733205,0.745202558635394,0.198596869940637,0.0928759894459103,0.183383555746879,0.113966480446927,0.0678107994976978,0.170782754290498,0.160565189466924,0.0282548476454294,0.0345205479452055,0.0671612651308083,0.00493150684931507,1.38834951456311,0.922425952045134,1.2245102963335,0.917900403768506,2.73502428494334,1.34036939313984,2.10245372363323,1.05251396648045,1.71620111731844,3.24236082042696,2.65767501605652,1.57260273972603,2.66094182825485,1.30027397260274,1.70402186645841,1.30545712260808,1.51058201058201,1.62955854126679,1.25479744136461,0.96708041014571,2.42321899736148,1.62892811020232,2.73184357541899,0.168271243197991,1.95897865215571,0.85806037251124,1,1,3.85808219178082,2.03201874267864,0.381369863013699,0.611650485436893,1.07757404795487,0.775489703666499,1.08209959623149,0.0992984349703184,0.14353562005277,0.0852346104175635,0.24804469273743,0.137430167597765,0.391795730431143,0.323699421965318,0.427397260273973,0.310803324099723,0.420821917808219,0.196798125732136,0.694542877391921
"F03_p117kbp",0.535181236673774,0.252873563218391,0.681669010782935,0.145896656534954,0.086634970945589,0.125105663567202,0.0789473684210526,0.0598086124401914,0.0933014354066986,0.142688679245283,0.0364217252396166,0.0276497695852535,0.0415169660678643,0,1.46171171171171,0.897172236503856,1.22899353647276,0.894941634241245,2.81053698074975,1.47279450607501,2.10904480135249,1.19078947368421,1.98026315789474,3.24401913875598,2.7877358490566,1.63358778625954,2.66261980830671,1.33755760368664,1.61437125748503,1.31098072087175,1.46481876332623,1.74712643678161,1.31833098921707,0.962512664640324,2.35393555203381,1.69822485207101,2.49013157894737,0.186602870813397,2.13875598086124,0.780660377358491,1,1,3.91071428571429,2.13173652694611,0.342165898617512,0.538288288288288,1.10282776349614,0.771006463527239,1.10505836575875,0.0810536980749747,0.086634970945589,0.0676246830092984,0.141447368421053,0.118421052631579,0.277511961722488,0.288915094339623,0.366412213740458,0.300958466453674,0.381912442396313,0.212375249500998,0.689019279128248
"F03_p143kbp",0.477341389728097,0.321762349799733,0.733915806195393,0.140215716486903,0.10251954821894,0.164401945982218,0.126422250316056,0.0418326693227092,0.117529880478088,0.143470573377115,0.0301441677588467,0.0175241518759829,0.0505704594511255,0.0121321051449113,1.37967914438503,0.966824644549763,1.25379770285291,0.88008800880088,2.89522342064715,1.40225890529974,2.20365710451267,1.05941845764855,1.98230088495575,3.34661354581673,2.88860823440263,1.61142857142857,2.65137614678899,1.36283981127836,1.75023126734505,1.3525641025641,1.5226586102719,1.67823765020027,1.26608419380461,0.901386748844376,2.37706342311034,1.56685119946318,2.56384323640961,0.163346613545817,2.07569721115538,0.755746400606214,1,1,3.81217703886767,2.01541782300339,0.33026286227814,0.620320855614973,1.03317535545024,0.746202297147092,1.11991199119912,0.0631741140215717,0.118158123370982,0.0650897500419393,0.13653603034134,0.131479140328698,0.254980079681275,0.212174791614044,0.388571428571429,0.318479685452163,0.465064030554931,0.183780450200432,0.647435897435897
"F03_p183kbp",0.657057057057057,0.598591549295775,0.944962406015038,0.590909090909091,0.600524148259079,0.666134949752752,0.461855670103093,0.277287505805852,0.601950766372504,0.530179847253018,0.174832962138085,0.242977015687705,0.303030303030303,0.0831813206858811,1.34521158129176,1.00841750841751,1.14346118997282,1.06871609403255,1.73020527859238,1.11868214152003,1.44903493380124,1.24742268041237,1.6,2.40362285183465,1.8280364621828,1.38364779874214,2.18930957683742,1.57168916453849,1.68462401795735,1.44729942317777,1.34294294294294,1.40140845070423,1.05503759398496,1.31231671554252,1.77611381505054,1.43946402935077,1.68247422680412,0.431955411054343,1.50069670227589,0.884947031288495,1,1,2.30609266690989,1.337822671156,0.813206858810653,0.654788418708241,0.991582491582492,0.856538810027182,0.93128390596745,0.366568914956012,0.504679895170348,0.445366087095231,0.562886597938144,0.445360824742268,0.784486762656758,0.756836659275684,0.616352201257862,0.635857461024499,0.982852973367384,0.674523007856341,0.552700576822234
"F03_p188kbp",0.766050054406964,0.619228680065182,0.959625511995319,0.553441715669319,0.550517104216388,0.608614232209738,0.577633711507293,0.255536626916525,0.516914091019713,0.489391796322489,0.172113289760349,0.226773412772296,0.240305843801202,0.0837832805808974,1.31833674164962,0.968692449355433,1.08590852904821,0.888888888888889,1.96195088204773,1.22673031026253,1.61797752808989,1.30113452188006,1.43144246353323,2.53784375760526,1.81518151815182,1.40740740740741,2.16884531590414,1.37516291193446,1.64500273074823,1.30785123966942,1.23394994559304,1.38077131993482,1.04037448800468,1.13317191283293,1.71201272871917,1.37141073657928,1.67260940032415,0.378194207836457,1.48941348259917,0.895803866100896,1,1,2.38391361012847,1.41125068268706,0.947309625768013,0.681663258350375,1.03130755064457,0.914091470951792,1.11111111111111,0.351435489450017,0.510739856801909,0.401997503121099,0.552350081037277,0.46482982171799,0.822097834022877,0.7996228194248,0.592592592592593,0.659041394335512,0.983057158815863,0.703440742763517,0.692148760330578
"F03_p195kbp",0.52863436123348,0.427054220234768,0.783663805859722,0.231434536236206,0.143537630993966,0.224545102593883,0.14859437751004,0.090099261898702,0.212267752608806,0.217302325581395,0.0382224984462399,0.0337295213620302,0.0737907761529809,0.0048185030517186,1.41333333333333,1.00858704137393,1.25895478567234,0.910436713545522,2.68654935878318,1.32105430295332,2.03226222738418,1.18072289156627,1.70481927710843,3.10918808857216,2.67906976744186,1.63571428571429,2.62430080795525,1.27786700931577,1.66479190101237,1.31601005867561,1.47136563876652,1.57294577976523,1.21633619414028,0.971070682970474,2.40203239123531,1.62808104271519,2.54417670682731,0.216849071010435,1.97302112496819,0.762790697674419,1,1,3.71217475104401,1.985151856018,0.43270157404433,0.586666666666667,0.991412958626073,0.741045214327657,1.08956328645448,0.11094542201014,0.133375674817402,0.115111627306749,0.265060240963855,0.156626506024096,0.398574700941715,0.340837209302326,0.364285714285714,0.337476693598508,0.538708641182139,0.276265466816648,0.683989941324392
"F03_p303kbp",0.64723223059286,0.473588342440801,0.921011874032008,0.462286076484259,0.362020579981291,0.487463336171823,0.376738305941846,0.183945497630332,0.474526066350711,0.474621312782355,0.143528406663819,0.134894613583138,0.1945018274273,0.0442622950819672,1.37766188613646,1.01621621621622,1.18804207418343,1.0055583628095,2.09085146841327,1.26753975678204,1.73526350648122,1.35398230088496,1.6346396965866,2.56279620853081,1.99946850916822,1.45432692307692,2.26762067492525,1.38899297423888,1.6990306689973,1.40717029449424,1.35276776940714,1.5264116575592,1.07898812596799,1.18064652440313,1.95603367633302,1.43968208912858,1.90265486725664,0.352784360189573,1.68483412322275,0.823810789263885,1,1,2.79344262295082,1.49054505005562,0.781967213114754,0.622338113863538,0.983783783783784,0.811957925816571,0.9944416371905,0.266215930699345,0.414405986903648,0.337591068218374,0.389380530973451,0.342604298356511,0.741113744075829,0.702099388785543,0.545673076923077,0.588850918410936,0.856440281030445,0.615922453519784,0.592829705505762
"F03_p360kbp",0.509078212290503,0.417665984205908,0.818928688793953,0.273378896482747,0.163617535381429,0.26611166929812,0.208219178082192,0.0919917864476386,0.219301848049281,0.227953919869508,0.0601890233792074,0.0539730134932534,0.0921838800146324,0.00846635505776524,1.40112596762843,1.03379900856242,1.27176527176527,0.961122244488978,2.56309384897483,1.34898170521229,2.03272570690398,1.17150684931507,1.67671232876712,3.17864476386037,2.62412070547456,1.55925925925926,2.57320510694744,1.31757650586471,1.70954761614437,1.37474495579234,1.4909217877095,1.58233401579409,1.18107131120605,1.03950658443074,2.29340697273041,1.55877709200517,2.50630136986301,0.235728952772074,1.81848049281314,0.770720766642879,1,1,3.52782432313255,1.91342519204975,0.520151688861452,0.598874032371569,0.966200991437585,0.728234728234728,1.03887775551102,0.124020670111685,0.193993786675872,0.142385531792737,0.225753424657534,0.211506849315068,0.455852156057495,0.377204608013049,0.440740740740741,0.366605869673354,0.572008113590264,0.284843311791245,0.625255044207663
